Datum;von;bis;Einheit;Deutschland pos;Deutschland neg;50Hertz pos;50Hertz neg;Amprion pos;Amprion neg;TenneT TSO pos;TenneT TSO neg;TransnetBW pos;TransnetBW neg;MOL-Abweichung
2025-10-05;00:00;00:15;MW;1.024;177.914;0.000;68.208;0.000;17.575;0.451;31.211;0.573;60.920;0
2025-10-05;00:15;00:30;MW;0.576;320.893;0.009;100.703;0.000;35.260;0.149;57.231;0.418;127.699;0
2025-10-05;00:30;00:45;MW;0.853;219.026;0.252;73.029;0.000;27.105;0.218;39.486;0.383;79.406;0
2025-10-05;00:45;01:00;MW;0.071;613.486;0.000;239.159;0.000;56.582;0.071;107.798;0.000;209.947;0
2025-10-05;01:00;01:15;MW;0.252;290.494;0.000;115.363;0.000;33.558;0.252;47.884;0.000;93.689;0
2025-10-05;01:15;01:30;MW;2.506;39.582;1.009;9.235;0.000;16.703;0.304;5.792;1.193;7.852;0
2025-10-05;01:30;01:45;MW;1.006;48.284;0.256;16.529;0.000;11.924;0.305;7.077;0.445;12.754;0
2025-10-05;01:45;02:00;MW;0.652;196.190;0.152;76.675;0.000;26.583;0.170;32.063;0.330;60.869;0
2025-10-05;02:00;02:15;MW;1.224;103.254;0.000;49.510;0.000;11.082;0.235;12.389;0.989;30.273;0
2025-10-05;02:15;02:30;MW;1.267;14.536;0.266;2.242;0.000;7.481;0.154;2.486;0.847;2.327;0
2025-10-05;02:30;02:45;MW;1.292;15.090;0.308;1.982;0.000;5.638;0.322;4.749;0.662;2.721;0
2025-10-05;02:45;03:00;MW;44.610;11.529;5.369;0.472;0.085;4.243;15.715;4.284;23.441;2.530;0
2025-10-05;03:00;03:15;MW;13.827;11.326;0.618;1.538;1.164;2.781;9.965;4.501;2.080;2.506;0
2025-10-05;03:15;03:30;MW;0.996;89.317;0.101;30.243;0.000;24.472;0.537;11.751;0.358;22.851;0
2025-10-05;03:30;03:45;MW;1.672;24.082;0.443;1.849;0.000;14.999;0.264;4.820;0.965;2.414;0
2025-10-05;03:45;04:00;MW;1.880;110.169;0.288;32.742;0.000;24.366;0.249;18.577;1.343;34.484;0
2025-10-05;04:00;04:15;MW;0.586;76.147;0.046;20.342;0.000;23.559;0.265;6.485;0.275;25.761;0
2025-10-05;04:15;04:30;MW;0.702;143.718;0.004;53.773;0.000;28.097;0.434;14.131;0.264;47.717;0
2025-10-05;04:30;04:45;MW;0.341;98.906;0.009;30.552;0.000;25.571;0.254;15.488;0.078;27.295;0
2025-10-05;04:45;05:00;MW;0.578;99.097;0.088;32.923;0.000;23.071;0.201;4.436;0.289;38.667;0
2025-10-05;05:00;05:15;MW;0.441;127.786;0.153;45.850;0.000;27.912;0.280;14.204;0.008;39.820;0
2025-10-05;05:15;05:30;MW;0.285;152.883;0.000;55.302;0.000;26.924;0.214;11.986;0.071;58.671;0
2025-10-05;05:30;05:45;MW;0.419;165.014;0.103;63.785;0.000;26.283;0.215;13.614;0.101;61.332;0
2025-10-05;05:45;06:00;MW;1.903;77.129;0.046;23.558;0.000;16.413;0.358;7.076;1.499;30.082;0
2025-10-05;06:00;06:15;MW;0.609;281.416;0.039;81.627;0.000;37.094;0.559;17.808;0.011;144.887;0
2025-10-05;06:15;06:30;MW;0.406;333.707;0.000;126.469;0.000;37.277;0.406;11.350;0.000;158.611;0
2025-10-05;06:30;06:45;MW;0.506;225.975;0.037;86.329;0.000;29.421;0.455;7.728;0.014;102.497;0
2025-10-05;06:45;07:00;MW;0.966;116.697;0.002;44.664;0.000;22.347;0.511;7.977;0.453;41.709;0
2025-10-05;07:00;07:15;MW;1.244;40.641;0.023;6.492;0.000;19.381;0.300;5.978;0.921;8.790;0
2025-10-05;07:15;07:30;MW;0.357;111.594;0.009;31.484;0.000;26.408;0.197;19.540;0.151;34.162;0
2025-10-05;07:30;07:45;MW;1.812;125.374;0.000;36.516;0.000;24.935;0.214;14.997;1.598;48.926;0
2025-10-05;07:45;08:00;MW;1.028;114.290;0.000;37.972;0.000;22.455;0.228;15.927;0.800;37.936;0
2025-10-05;08:00;08:15;MW;5.639;113.205;0.763;44.913;0.000;15.921;0.232;15.144;4.644;37.227;0
2025-10-05;08:15;08:30;MW;5.334;50.973;0.313;13.697;1.074;12.921;1.727;8.086;2.220;16.269;0
2025-10-05;08:30;08:45;MW;1.960;187.904;0.025;86.242;0.000;21.326;0.146;29.356;1.789;50.980;0
2025-10-05;08:45;09:00;MW;2.753;67.163;0.396;44.531;0.047;7.205;0.405;4.745;1.905;10.682;0
2025-10-05;09:00;09:15;MW;0.903;196.607;0.167;70.164;0.000;24.829;0.361;21.509;0.375;80.105;0
2025-10-05;09:15;09:30;MW;4.407;153.685;0.423;77.708;0.133;15.666;3.397;17.372;0.454;42.939;0
2025-10-05;09:30;09:45;MW;0.699;152.439;0.194;100.713;0.000;15.318;0.171;15.202;0.334;21.206;0
2025-10-05;09:45;10:00;MW;3.400;249.598;0.000;125.042;0.000;23.591;0.507;28.729;2.893;72.236;0
2025-10-05;10:00;10:15;MW;6.570;5.848;0.379;1.051;0.026;1.041;0.862;0.602;5.303;3.154;0
2025-10-05;10:15;10:30;MW;41.841;12.339;1.008;2.428;2.225;1.603;11.026;1.280;27.582;7.028;0
2025-10-05;10:30;10:45;MW;9.858;7.396;1.214;1.701;0.003;3.086;6.772;1.122;1.869;1.487;0
2025-10-05;10:45;11:00;MW;12.282;31.779;1.078;15.565;0.028;5.034;10.680;4.345;0.496;6.835;0
2025-10-05;11:00;11:15;MW;114.860;77.619;1.046;45.631;10.091;12.573;20.675;2.697;83.048;16.718;0
2025-10-05;11:15;11:30;MW;41.598;4.427;4.496;0.721;5.116;0.646;29.947;1.157;2.039;1.903;0
2025-10-05;11:30;11:45;MW;3.000;4.228;0.323;0.527;0.000;0.820;1.879;0.936;0.798;1.945;0
2025-10-05;11:45;12:00;MW;509.850;1.751;18.000;0.138;44.737;0.036;56.591;1.459;390.522;0.118;0
2025-10-05;12:00;12:15;MW;63.201;3.062;2.579;0.256;4.066;0.322;33.083;1.218;23.473;1.266;0
2025-10-05;12:15;12:30;MW;40.913;2.959;0.543;0.577;8.963;0.304;6.361;1.322;25.046;0.756;0
2025-10-05;12:30;12:45;MW;3.591;4.007;0.117;0.535;0.005;0.423;0.234;1.896;3.235;1.153;0
2025-10-05;12:45;13:00;MW;1.535;4.127;0.070;0.936;0.041;0.797;0.639;1.871;0.785;0.523;0
2025-10-05;13:00;13:15;MW;2.225;131.469;0.161;21.325;0.000;15.451;1.597;19.750;0.467;74.943;0
2025-10-05;13:15;13:30;MW;122.656;6.047;1.798;0.856;6.271;1.209;27.405;2.129;87.182;1.853;0
2025-10-05;13:30;13:45;MW;2.960;6.621;0.113;0.722;0.000;1.869;1.108;3.191;1.739;0.839;0
2025-10-05;13:45;14:00;MW;10.808;8.995;1.053;1.114;0.000;2.058;6.553;2.915;3.202;2.908;0
2025-10-05;14:00;14:15;MW;0.917;89.874;0.095;12.475;0.000;13.351;0.298;11.196;0.524;52.852;0
2025-10-05;14:15;14:30;MW;0.911;43.265;0.022;3.710;0.000;14.376;0.755;8.847;0.134;16.332;0
2025-10-05;14:30;14:45;MW;4.030;10.340;0.508;1.424;0.041;3.901;2.700;1.687;0.781;3.328;0
2025-10-05;14:45;15:00;MW;0.886;14.909;0.032;2.394;0.000;9.197;0.283;1.581;0.571;1.737;0
2025-10-05;15:00;15:15;MW;10.060;18.476;0.413;1.290;0.000;12.486;6.192;1.793;3.455;2.907;0
2025-10-05;15:15;15:30;MW;0.604;4.488;0.030;0.638;0.161;0.451;0.356;2.077;0.057;1.322;0
2025-10-05;15:30;15:45;MW;2.715;5.382;0.190;0.755;0.004;1.292;0.718;2.088;1.803;1.247;0
2025-10-05;15:45;16:00;MW;299.349;2.915;1.773;0.135;67.017;0.303;39.829;1.682;190.730;0.795;0
2025-10-05;16:00;16:15;MW;399.768;3.939;8.260;0.117;63.339;1.518;50.063;1.947;278.106;0.357;0
2025-10-05;16:15;16:30;MW;18.092;23.497;0.836;0.559;2.686;2.027;9.115;2.001;5.455;18.910;0
2025-10-05;16:30;16:45;MW;261.349;34.693;4.790;0.770;3.122;2.349;27.571;2.552;225.866;29.022;0
2025-10-05;16:45;17:00;MW;139.788;21.065;1.118;0.723;3.172;0.919;14.147;2.770;121.351;16.653;0
2025-10-05;17:00;17:15;MW;198.218;7.627;10.279;0.340;12.995;0.846;19.727;4.650;155.217;1.791;0
2025-10-05;17:15;17:30;MW;322.445;3.177;5.372;0.205;9.335;0.080;37.931;2.884;269.807;0.008;0
2025-10-05;17:30;17:45;MW;595.312;2.796;17.442;0.073;39.390;0.476;36.981;2.247;501.499;0.000;0
2025-10-05;17:45;18:00;MW;441.149;3.111;11.147;0.060;42.984;0.201;32.039;2.850;354.979;0.000;0
2025-10-05;18:00;18:15;MW;133.541;6.729;2.294;0.402;58.586;0.383;10.011;5.944;62.650;0.000;0
2025-10-05;18:15;18:30;MW;4.494;247.678;0.109;25.785;3.282;11.841;0.513;48.852;0.590;161.200;0
2025-10-05;18:30;18:45;MW;0.215;252.899;0.000;18.246;0.000;27.896;0.212;56.430;0.003;150.327;0
2025-10-05;18:45;19:00;MW;32.843;170.949;0.776;4.637;13.177;13.641;4.483;30.777;14.407;121.894;0
2025-10-05;19:00;19:15;MW;55.855;23.530;0.000;3.962;9.523;1.421;4.362;7.428;41.970;10.719;0
2025-10-05;19:15;19:30;MW;2.048;96.363;0.000;29.157;0.000;2.207;0.055;43.598;1.993;21.401;0
2025-10-05;19:30;19:45;MW;0.199;241.752;0.000;28.963;0.000;26.725;0.086;47.964;0.113;138.100;0
2025-10-05;19:45;20:00;MW;3.039;42.954;0.042;10.314;0.000;11.788;0.268;17.225;2.729;3.627;0
2025-10-05;20:00;20:15;MW;3.790;75.589;0.010;9.016;0.000;23.748;0.231;39.089;3.549;3.736;0
2025-10-05;20:15;20:30;MW;3.065;26.738;0.046;5.290;0.000;8.018;0.258;12.617;2.761;0.813;0
2025-10-05;20:30;20:45;MW;4.637;67.007;0.144;24.779;0.000;9.383;0.312;21.890;4.181;10.955;0
2025-10-05;20:45;21:00;MW;1.200;78.750;0.359;37.228;0.000;11.605;0.159;21.524;0.682;8.393;0
2025-10-05;21:00;21:15;MW;1.499;67.224;0.482;24.347;0.000;14.451;0.282;19.915;0.735;8.511;0
2025-10-05;21:15;21:30;MW;1.478;92.785;0.003;29.453;0.000;22.897;0.736;38.436;0.739;1.999;0
2025-10-05;21:30;21:45;MW;10.584;181.230;1.686;82.346;0.211;17.970;3.143;32.471;5.544;48.443;0
2025-10-05;21:45;22:00;MW;0.983;143.372;0.055;55.919;0.000;20.044;0.327;46.251;0.601;21.158;0
2025-10-05;22:00;22:15;MW;3.302;74.933;0.285;33.952;0.000;16.067;0.653;17.131;2.364;7.783;0
2025-10-05;22:15;22:30;MW;1.722;12.860;0.181;3.253;0.000;3.384;0.311;4.811;1.230;1.412;0
2025-10-05;22:30;22:45;MW;4.900;10.245;2.463;2.980;0.017;1.982;0.745;2.465;1.675;2.818;0
2025-10-05;22:45;23:00;MW;7.429;17.946;4.875;3.919;0.000;4.514;1.156;5.841;1.398;3.672;0
2025-10-05;23:00;23:15;MW;53.834;16.055;20.405;1.006;3.292;6.150;13.068;3.208;17.069;5.691;0
2025-10-05;23:15;23:30;MW;118.406;3.644;29.205;0.098;8.486;0.709;46.229;1.870;34.486;0.967;0
2025-10-05;23:30;23:45;MW;196.307;5.755;36.415;0.036;12.601;2.464;60.923;1.740;86.368;1.515;0
2025-10-05;23:45;00:00;MW;3.493;148.580;0.824;52.876;0.000;10.009;0.980;32.768;1.689;52.927;0
