Datum;von;bis;Einheit;ID AEP in €/MWh
04.01.2026;00:00;00:15;€/MWh;109.630
04.01.2026;00:15;00:30;€/MWh;119.680
04.01.2026;00:30;00:45;€/MWh;109.710
04.01.2026;00:45;01:00;€/MWh;101.750
04.01.2026;01:00;01:15;€/MWh;109.020
04.01.2026;01:15;01:30;€/MWh;98.370
04.01.2026;01:30;01:45;€/MWh;77.910
04.01.2026;01:45;02:00;€/MWh;81.680
04.01.2026;02:00;02:15;€/MWh;101.120
04.01.2026;02:15;02:30;€/MWh;82.080
04.01.2026;02:30;02:45;€/MWh;87.250
04.01.2026;02:45;03:00;€/MWh;91.350
04.01.2026;03:00;03:15;€/MWh;81.050
04.01.2026;03:15;03:30;€/MWh;67.340
04.01.2026;03:30;03:45;€/MWh;60.730
04.01.2026;03:45;04:00;€/MWh;31.920
04.01.2026;04:00;04:15;€/MWh;47.390
04.01.2026;04:15;04:30;€/MWh;96.570
04.01.2026;04:30;04:45;€/MWh;145.020
04.01.2026;04:45;05:00;€/MWh;99.460
04.01.2026;05:00;05:15;€/MWh;99.300
04.01.2026;05:15;05:30;€/MWh;87.710
04.01.2026;05:30;05:45;€/MWh;62.490
04.01.2026;05:45;06:00;€/MWh;84.290
04.01.2026;06:00;06:15;€/MWh;79.690
04.01.2026;06:15;06:30;€/MWh;90.560
04.01.2026;06:30;06:45;€/MWh;94.170
04.01.2026;06:45;07:00;€/MWh;83.900
04.01.2026;07:00;07:15;€/MWh;87.720
04.01.2026;07:15;07:30;€/MWh;105.070
04.01.2026;07:30;07:45;€/MWh;98.620
04.01.2026;07:45;08:00;€/MWh;86.570
04.01.2026;08:00;08:15;€/MWh;84.210
04.01.2026;08:15;08:30;€/MWh;82.510
04.01.2026;08:30;08:45;€/MWh;98.020
04.01.2026;08:45;09:00;€/MWh;77.170
04.01.2026;09:00;09:15;€/MWh;72.020
04.01.2026;09:15;09:30;€/MWh;67.100
04.01.2026;09:30;09:45;€/MWh;74.640
04.01.2026;09:45;10:00;€/MWh;74.910
04.01.2026;10:00;10:15;€/MWh;126.560
04.01.2026;10:15;10:30;€/MWh;113.290
04.01.2026;10:30;10:45;€/MWh;70.560
04.01.2026;10:45;11:00;€/MWh;82.810
04.01.2026;11:00;11:15;€/MWh;65.860
04.01.2026;11:15;11:30;€/MWh;45.610
04.01.2026;11:30;11:45;€/MWh;75.350
04.01.2026;11:45;12:00;€/MWh;90.090
04.01.2026;12:00;12:15;€/MWh;75.530
04.01.2026;12:15;12:30;€/MWh;84.170
04.01.2026;12:30;12:45;€/MWh;67.510
04.01.2026;12:45;13:00;€/MWh;70.070
04.01.2026;13:00;13:15;€/MWh;64.210
04.01.2026;13:15;13:30;€/MWh;81.370
04.01.2026;13:30;13:45;€/MWh;76.580
04.01.2026;13:45;14:00;€/MWh;56.750
04.01.2026;14:00;14:15;€/MWh;59.550
04.01.2026;14:15;14:30;€/MWh;84.040
04.01.2026;14:30;14:45;€/MWh;94.080
04.01.2026;14:45;15:00;€/MWh;103.350
04.01.2026;15:00;15:15;€/MWh;95.720
04.01.2026;15:15;15:30;€/MWh;77.920
04.01.2026;15:30;15:45;€/MWh;110.260
04.01.2026;15:45;16:00;€/MWh;109.620
04.01.2026;16:00;16:15;€/MWh;93.360
04.01.2026;16:15;16:30;€/MWh;107.630
04.01.2026;16:30;16:45;€/MWh;118.820
04.01.2026;16:45;17:00;€/MWh;120.570
04.01.2026;17:00;17:15;€/MWh;128.730
04.01.2026;17:15;17:30;€/MWh;138.390
04.01.2026;17:30;17:45;€/MWh;132.420
04.01.2026;17:45;18:00;€/MWh;140.280
04.01.2026;18:00;18:15;€/MWh;130.740
04.01.2026;18:15;18:30;€/MWh;125.120
04.01.2026;18:30;18:45;€/MWh;129.340
04.01.2026;18:45;19:00;€/MWh;146.530
04.01.2026;19:00;19:15;€/MWh;134.400
04.01.2026;19:15;19:30;€/MWh;135.920
04.01.2026;19:30;19:45;€/MWh;138.630
04.01.2026;19:45;20:00;€/MWh;122.790
04.01.2026;20:00;20:15;€/MWh;132.500
04.01.2026;20:15;20:30;€/MWh;111.380
04.01.2026;20:30;20:45;€/MWh;120.860
04.01.2026;20:45;21:00;€/MWh;117.710
04.01.2026;21:00;21:15;€/MWh;123.880
04.01.2026;21:15;21:30;€/MWh;150.640
04.01.2026;21:30;21:45;€/MWh;128.130
04.01.2026;21:45;22:00;€/MWh;122.580
04.01.2026;22:00;22:15;€/MWh;115.880
04.01.2026;22:15;22:30;€/MWh;104.200
04.01.2026;22:30;22:45;€/MWh;103.320
04.01.2026;22:45;23:00;€/MWh;117.780
04.01.2026;23:00;23:15;€/MWh;142.690
04.01.2026;23:15;23:30;€/MWh;97.490
04.01.2026;23:30;23:45;€/MWh;101.540
04.01.2026;23:45;00:00;€/MWh;91.670
